{"cameraMode":{"drawMode":0,"name":"Shaded","section":"Shading Mode"},"sceneLighting":true,"audioPlay":false,"sceneViewState":{"showFog":true,"showMaterialUpdate":false,"showSkybox":true,"showFlares":true,"showImageEffects":true,"showParticleSystems":true},"in2DMode":false,"pivot":{"x":-1.5665323734283448,"y":-1.4818861484527588,"z":0.136142298579216},"rotation":{"x":0.1754130721092224,"y":0.3732842206954956,"z":-0.07210323214530945,"w":0.9081246256828308},"size":136.16909790039063,"orthographic":false}